{
    "train": {
        "loss": [
            0.8314473002131684,
            0.6928061940912981,
            0.6598663678071106,
            0.6382334396527355,
            0.6166608647469536
        ],
        "accuracy": [
            0.6311286813922357,
            0.7059487951807228,
            0.725046017402945,
            0.7351280120481928,
            0.7461512717536815
        ],
        "precision": [
            0.46785361174160905,
            0.6638639849926797,
            0.6874738966824143,
            0.6974604276965813,
            0.7110136010045051
        ],
        "recall": [
            0.48040111402102315,
            0.622017342450235,
            0.6469366280313629,
            0.6611599078315499,
            0.676952824159161
        ],
        "f1_score": [
            0.47404434731114575,
            0.6422597527171902,
            0.6665895334941235,
            0.6788252170725395,
            0.693565285858868
        ]
    },
    "test": {
        "loss": [
            0.8144598954916,
            0.8122175645828247,
            0.7985610710581144,
            0.7599878503878912,
            0.7432206242283186
        ],
        "accuracy": [
            0.6551388888888888,
            0.6566666666666666,
            0.6645833333333333,
            0.6856944444444444,
            0.6883333333333334
        ],
        "precision": [
            0.694066524782598,
            0.7064547727384415,
            0.7110292823457168,
            0.7235535532960713,
            0.7272141438760376
        ],
        "recall": [
            0.6534935465768799,
            0.6533910780577448,
            0.6608216135716136,
            0.6803611727778395,
            0.6826636388303055
        ],
        "f1_score": [
            0.6731692404374826,
            0.6788876037505999,
            0.6850066855730328,
            0.7012929417226892,
            0.7042350191721304
        ]
    }
}