{
    "round": 4,
    "train": {
        "loss": 0.7717993270663623,
        "accuracy": 0.6680216802168022,
        "precision": 0.6605031042460016,
        "recall": 0.62413838051645,
        "f1_score": 0.6418060489248755
    }
}