{
    "round": 7,
    "train": {
        "loss": 0.7372351671401783,
        "accuracy": 0.684920854890367,
        "precision": 0.6759521573231091,
        "recall": 0.6409383779106734,
        "f1_score": 0.6579797905267529
    }
}