{
    "round": 2,
    "train": {
        "loss": 0.4874931802166337,
        "accuracy": 0.8018048128342246,
        "precision": 0.7667943234521165,
        "recall": 0.6711405655088336,
        "f1_score": 0.7157859230225447
    }
}