{
    "round": 0,
    "train": {
        "loss": 0.6773220574792056,
        "accuracy": 0.7340407754010695,
        "precision": 0.3715340427454513,
        "recall": 0.49578278814734444,
        "f1_score": 0.4247586972672561
    }
}