{
    "round": 6,
    "train": {
        "loss": 0.6705799451869596,
        "accuracy": 0.7238808122764508,
        "precision": 0.6624973374487575,
        "recall": 0.600320183413296,
        "f1_score": 0.6298780568970314
    }
}