{
    "round": 3,
    "train": {
        "loss": 0.7186965610008003,
        "accuracy": 0.6991533979462328,
        "precision": 0.6182640898504448,
        "recall": 0.5377855152840567,
        "f1_score": 0.5752235382722449
    }
}