{
    "round": 2,
    "train": {
        "loss": 0.8247081394865041,
        "accuracy": 0.630263053167781,
        "precision": 0.564176754312026,
        "recall": 0.5366411847099704,
        "f1_score": 0.5500645857730373
    }
}