{
    "round": 5,
    "train": {
        "loss": 0.6853478428359344,
        "accuracy": 0.7158799180800738,
        "precision": 0.6594885362888557,
        "recall": 0.584932283235927,
        "f1_score": 0.6199769872809936
    }
}