{
    "round": 2,
    "test": {
        "loss": 1.016539051797655,
        "accuracy": 0.5288888888888889,
        "precision": 0.5697073943813313,
        "recall": 0.5291233834391729,
        "f1_score": 0.5486659277660074
    }
}