{
    "round": 4,
    "train": {
        "loss": 0.7651673118159559,
        "accuracy": 0.6638411333970072,
        "precision": 0.6358976949691985,
        "recall": 0.6065584544601859,
        "f1_score": 0.6208816677070723
    }
}