{
    "round": 0,
    "test": {
        "loss": 1.1441355477439032,
        "accuracy": 0.36041666666666666,
        "precision": 0.2934341395397198,
        "recall": 0.3599711998814166,
        "f1_score": 0.3233148948242804
    }
}