{
    "round": 1,
    "test": {
        "loss": 1.087931186887953,
        "accuracy": 0.4801388888888889,
        "precision": 0.3608554686879067,
        "recall": 0.479337093387317,
        "f1_score": 0.4117423059936414
    }
}