{
    "round": 4,
    "train": {
        "loss": 0.4459088802895444,
        "accuracy": 0.8114973262032086,
        "precision": 0.7715560565084283,
        "recall": 0.6942837352950297,
        "f1_score": 0.7308831754978027
    }
}