{
    "round": 0,
    "train": {
        "loss": 0.9445406579125483,
        "accuracy": 0.5616146218280365,
        "precision": 0.5099310326583972,
        "recall": 0.4739406988360384,
        "f1_score": 0.4912775969469356
    }
}