{
    "round": 5,
    "train": {
        "loss": 0.7559157372710446,
        "accuracy": 0.6775888971010923,
        "precision": 0.6702746071267818,
        "recall": 0.6306674696631999,
        "f1_score": 0.6498681194157194
    }
}