{
    "round": 6,
    "train": {
        "loss": 0.7454704931728592,
        "accuracy": 0.6824263981276176,
        "precision": 0.6761258085834471,
        "recall": 0.6354305405074079,
        "f1_score": 0.6551468235383097
    }
}