{
    "round": 1,
    "train": {
        "loss": 0.8317455495257987,
        "accuracy": 0.6439439829237338,
        "precision": 0.4214869864896952,
        "recall": 0.3928904784404522,
        "f1_score": 0.4066866555364835
    }
}