{
    "round": 3,
    "train": {
        "loss": 0.7914713560345432,
        "accuracy": 0.6566760080479592,
        "precision": 0.653110398273974,
        "recall": 0.6107182527162551,
        "f1_score": 0.631203353321957
    }
}