{
    "round": 6,
    "test": {
        "loss": 0.952047487894694,
        "accuracy": 0.6004166666666667,
        "precision": 0.6788128824151812,
        "recall": 0.5988810601609018,
        "f1_score": 0.6363467261213437
    }
}