{
    "round": 5,
    "train": {
        "loss": 0.433390962806615,
        "accuracy": 0.8180147058823529,
        "precision": 0.7841302964210848,
        "recall": 0.7092429545939996,
        "f1_score": 0.7448089589690144
    }
}