{
    "round": 3,
    "train": {
        "loss": 0.7880946650546055,
        "accuracy": 0.6464899713467048,
        "precision": 0.6095364769971283,
        "recall": 0.5787553094754873,
        "f1_score": 0.593747219995955
    }
}