{
    "round": 6,
    "train": {
        "loss": 0.7342902887345727,
        "accuracy": 0.680018306271888,
        "precision": 0.6496401733217013,
        "recall": 0.6292657100778714,
        "f1_score": 0.6392906472112464
    }
}