{
    "round": 5,
    "test": {
        "loss": 0.9444686828719245,
        "accuracy": 0.5969444444444445,
        "precision": 0.680638775227012,
        "recall": 0.5956956241976881,
        "f1_score": 0.6353406133138157
    }
}