{
    "round": 3,
    "train": {
        "loss": 0.4607669762908456,
        "accuracy": 0.8101604278074866,
        "precision": 0.7736494202994704,
        "recall": 0.6927039048006021,
        "f1_score": 0.730942488709659
    }
}