{
    "round": 5,
    "train": {
        "loss": 0.7482962734719744,
        "accuracy": 0.6703876154091054,
        "precision": 0.6406636812604694,
        "recall": 0.6155046533759043,
        "f1_score": 0.6278322199212324
    }
}