{
    "round": 4,
    "test": {
        "loss": 0.9770527217123244,
        "accuracy": 0.57625,
        "precision": 0.6660695584633898,
        "recall": 0.575388059576398,
        "f1_score": 0.6174169222019712
    }
}