{
    "round": 0,
    "train": {
        "loss": 0.9531857588580835,
        "accuracy": 0.5902958059305411,
        "precision": 0.21916860617894177,
        "recall": 0.3350036662169278,
        "f1_score": 0.2649800080114825
    }
}