{
    "round": 4,
    "train": {
        "loss": 0.6972299100268295,
        "accuracy": 0.709180656513211,
        "precision": 0.6434309599275106,
        "recall": 0.56922814982505,
        "f1_score": 0.6040593138073679
    }
}