{
    "round": 1,
    "train": {
        "loss": 0.9233054693152265,
        "accuracy": 0.5712973228217131,
        "precision": 0.5286793291769357,
        "recall": 0.48053278579354103,
        "f1_score": 0.5034575924572314
    }
}