{
    "round": 7,
    "train": {
        "loss": 0.7245451486042372,
        "accuracy": 0.6827443489334607,
        "precision": 0.6573207212042763,
        "recall": 0.6366553576270656,
        "f1_score": 0.6468230219710811
    }
}