{
    "round": 3,
    "test": {
        "loss": 0.9900925188594394,
        "accuracy": 0.5615277777777777,
        "precision": 0.645662799538284,
        "recall": 0.5617748659117768,
        "f1_score": 0.6008047338818814
    }
}