{
    "round": 0,
    "train": {
        "loss": 1.0310326625077977,
        "accuracy": 0.5300859598853869,
        "precision": 0.3529028906584616,
        "recall": 0.41132294175464595,
        "f1_score": 0.37988000138914685
    }
}