{
    "round": 1,
    "train": {
        "loss": 0.9090444016934808,
        "accuracy": 0.5867060649474689,
        "precision": 0.40804547520737444,
        "recall": 0.46277810640756945,
        "f1_score": 0.43369177484709737
    }
}