{
    "round": 7,
    "train": {
        "loss": 0.6609314895493219,
        "accuracy": 0.7255538248528902,
        "precision": 0.6666802844262496,
        "recall": 0.6018240980350529,
        "f1_score": 0.6325942052704262
    }
}