{
    "round": 7,
    "test": {
        "loss": 0.9407069407569038,
        "accuracy": 0.6116666666666667,
        "precision": 0.692162483318495,
        "recall": 0.6109205418605143,
        "f1_score": 0.6490089598187573
    }
}