{
    "round": 2,
    "train": {
        "loss": 0.8356677128576122,
        "accuracy": 0.6387118132544962,
        "precision": 0.6326034658087563,
        "recall": 0.5858266345971761,
        "f1_score": 0.6083171439802507
    }
}