{
    "round": 1,
    "train": {
        "loss": 0.5467096079479564,
        "accuracy": 0.7684659090909091,
        "precision": 0.669482653948331,
        "recall": 0.5779728592856301,
        "f1_score": 0.6203713072565138
    }
}