{
    "round": 2,
    "train": {
        "loss": 0.7527528015252586,
        "accuracy": 0.6887187031268028,
        "precision": 0.5724686495362945,
        "recall": 0.49713461734038356,
        "f1_score": 0.5321486794961421
    }
}