{
    "round": 6,
    "train": {
        "loss": 0.4242021475325931,
        "accuracy": 0.8252840909090909,
        "precision": 0.7866105291346052,
        "recall": 0.7133685446274504,
        "f1_score": 0.748201382503283
    }
}