{
    "round": 7,
    "train": {
        "loss": 0.4132215520516436,
        "accuracy": 0.8231116310160428,
        "precision": 0.7855905173515209,
        "recall": 0.7155787697077222,
        "f1_score": 0.7489520345859156
    }
}