{
    "round": 0,
    "train": {
        "loss": 0.9716639655796602,
        "accuracy": 0.5607095110771582,
        "precision": 0.19408037322011729,
        "recall": 0.3327304859084225,
        "f1_score": 0.24515993080947943
    }
}