{
    "round": 6,
    "test": {
        "loss": 0.8279138806131151,
        "accuracy": 0.6497222222222222,
        "precision": 0.6947122481139306,
        "recall": 0.6495192246757434,
        "f1_score": 0.671356042321001
    }
}