{
    "round": 7,
    "test": {
        "loss": 0.8155801012780931,
        "accuracy": 0.6581944444444444,
        "precision": 0.6986298356886967,
        "recall": 0.6578672250172078,
        "f1_score": 0.6776360740207983
    }
}