{
    "round": 2,
    "test": {
        "loss": 0.9855723773108588,
        "accuracy": 0.48444444444444446,
        "precision": 0.5458670339097111,
        "recall": 0.4845740751177627,
        "f1_score": 0.5133976328714621
    }
}