{
    "round": 5,
    "train": {
        "loss": 0.7227691219930343,
        "accuracy": 0.6971805767761651,
        "precision": 0.6520933420593971,
        "recall": 0.6011499287948741,
        "f1_score": 0.6255862293669574
    }
}