{
    "round": 3,
    "train": {
        "loss": 0.7998073518594956,
        "accuracy": 0.6600219633307869,
        "precision": 0.6015974195366313,
        "recall": 0.5249019835802952,
        "f1_score": 0.5606388746551125
    }
}