{
    "round": 3,
    "train": {
        "loss": 0.7956996204700062,
        "accuracy": 0.6591267188693659,
        "precision": 0.6064108021994232,
        "recall": 0.512903668999091,
        "f1_score": 0.555751459258323
    }
}