{
    "round": 3,
    "train": {
        "loss": 0.7830644587781977,
        "accuracy": 0.6670406799083269,
        "precision": 0.6059852453171699,
        "recall": 0.52234652655841,
        "f1_score": 0.5610659841846121
    }
}