{
    "round": 0,
    "test": {
        "loss": 1.0993475868966844,
        "accuracy": 0.33305555555555555,
        "precision": 0.11104838709677418,
        "recall": 0.333042328042328,
        "f1_score": 0.16655972351266513
    }
}