{
    "round": 1,
    "test": {
        "loss": 1.1142143244213527,
        "accuracy": 0.3343055555555556,
        "precision": 0.1215905017921147,
        "recall": 0.33428209650431867,
        "f1_score": 0.17831967969108012
    }
}