{
    "round": 7,
    "train": {
        "loss": 0.7088598826511658,
        "accuracy": 0.7009406035141329,
        "precision": 0.6606275948222571,
        "recall": 0.6255344201684224,
        "f1_score": 0.6426022455303111
    }
}