{
    "round": 7,
    "train": {
        "loss": 0.6932843069341731,
        "accuracy": 0.7113254392666157,
        "precision": 0.6655582530748703,
        "recall": 0.6216881169363601,
        "f1_score": 0.6428756245969598
    }
}