{
    "round": 3,
    "test": {
        "loss": 0.9060820362302993,
        "accuracy": 0.5959722222222222,
        "precision": 0.6732320290130308,
        "recall": 0.5957742761512971,
        "f1_score": 0.6321392149665771
    }
}