{
    "round": 7,
    "train": {
        "loss": 0.7079378278816447,
        "accuracy": 0.7003557104660046,
        "precision": 0.6570362830952619,
        "recall": 0.6118317634069388,
        "f1_score": 0.633628798229521
    }
}