{
    "round": 1,
    "train": {
        "loss": 0.9457256628230294,
        "accuracy": 0.5539295263559969,
        "precision": 0.19257292359759154,
        "recall": 0.33437984079695315,
        "f1_score": 0.24439573292058478
    }
}