{
    "round": 2,
    "train": {
        "loss": 0.8579310111821017,
        "accuracy": 0.6077516233766234,
        "precision": 0.3967837427751135,
        "recall": 0.39049189450628774,
        "f1_score": 0.39361267664927907
    }
}