{
    "round": 1,
    "train": {
        "loss": 0.9406194484488849,
        "accuracy": 0.5567346256684492,
        "precision": 0.1908844732907826,
        "recall": 0.3338689946521357,
        "f1_score": 0.24289656414134836
    }
}