{
    "round": 5,
    "train": {
        "loss": 0.7355809026064082,
        "accuracy": 0.685709511077158,
        "precision": 0.6412874738264661,
        "recall": 0.5922816088101107,
        "f1_score": 0.6158111159788384
    }
}