{
    "round": 1,
    "train": {
        "loss": 0.9314756587864881,
        "accuracy": 0.5692083651642474,
        "precision": 0.19443233671767823,
        "recall": 0.3342993871948277,
        "f1_score": 0.24586612860904913
    }
}