{
    "round": 5,
    "train": {
        "loss": 0.7345344185988534,
        "accuracy": 0.6897202062643238,
        "precision": 0.6504825513702118,
        "recall": 0.6029419018027956,
        "f1_score": 0.6258106511642394
    }
}