{
    "round": 5,
    "train": {
        "loss": 0.7353846857892,
        "accuracy": 0.6892427425515661,
        "precision": 0.6558332566105421,
        "recall": 0.6035649314317497,
        "f1_score": 0.6286144577865794
    }
}