{
    "round": 0,
    "train": {
        "loss": 0.9769412049635209,
        "accuracy": 0.5518764323911383,
        "precision": 0.1912814667012061,
        "recall": 0.3332807958505381,
        "f1_score": 0.24306147813043513
    }
}