{
    "round": 0,
    "train": {
        "loss": 0.9753667600652113,
        "accuracy": 0.5368482620320856,
        "precision": 0.25607522999920673,
        "recall": 0.3408803800695168,
        "f1_score": 0.2924539790101622
    }
}