{
    "round": 3,
    "train": {
        "loss": 0.7933092453581764,
        "accuracy": 0.6636984339190222,
        "precision": 0.6212145326473073,
        "recall": 0.5303739181561757,
        "f1_score": 0.572211340719558
    }
}