{
    "round": 2,
    "train": {
        "loss": 0.8734529249489627,
        "accuracy": 0.5915059205500381,
        "precision": 0.39956569587131185,
        "recall": 0.3907825491548038,
        "f1_score": 0.3951253189212683
    }
}