{
    "round": 6,
    "train": {
        "loss": 0.7226336373683603,
        "accuracy": 0.6964285714285714,
        "precision": 0.6554498616627191,
        "recall": 0.6180315646231845,
        "f1_score": 0.6361909882217873
    }
}