{
    "round": 6,
    "train": {
        "loss": 0.706698425711795,
        "accuracy": 0.7021939457601223,
        "precision": 0.6585717894886689,
        "recall": 0.6104391791666774,
        "f1_score": 0.6335926678770544
    }
}