{
    "round": 4,
    "train": {
        "loss": 0.7538335464376816,
        "accuracy": 0.6831670168067226,
        "precision": 0.6507053524076686,
        "recall": 0.5858172183502578,
        "f1_score": 0.6165587406616145
    }
}