{
    "round": 4,
    "train": {
        "loss": 0.7551942376848211,
        "accuracy": 0.6813526546982429,
        "precision": 0.6397281402162165,
        "recall": 0.5770358465766942,
        "f1_score": 0.6067669210716474
    }
}