{
    "round": 7,
    "train": {
        "loss": 0.7062663778582996,
        "accuracy": 0.6988636363636364,
        "precision": 0.6608541217886841,
        "recall": 0.6232950786697857,
        "f1_score": 0.6415253331660682
    }
}