{
    "round": 4,
    "test": {
        "loss": 0.8711091740926107,
        "accuracy": 0.6272222222222222,
        "precision": 0.683606699176972,
        "recall": 0.6273636200528185,
        "f1_score": 0.6542786929607821
    }
}