{
    "round": 5,
    "test": {
        "loss": 0.8477803042199876,
        "accuracy": 0.6380555555555556,
        "precision": 0.6866173017183382,
        "recall": 0.6383793421665799,
        "f1_score": 0.661620243966769
    }
}