{
    "round": 6,
    "train": {
        "loss": 0.7147901184099881,
        "accuracy": 0.6995559587471352,
        "precision": 0.6634865412322087,
        "recall": 0.6164866565704282,
        "f1_score": 0.6391236944428451
    }
}