{
    "round": 2,
    "train": {
        "loss": 0.8695690885265881,
        "accuracy": 0.5990617838044309,
        "precision": 0.3756059764492717,
        "recall": 0.38275484390830256,
        "f1_score": 0.3791467149346666
    }
}