{
    "round": 6,
    "train": {
        "loss": 0.7225161698412768,
        "accuracy": 0.6921433346065698,
        "precision": 0.6517660881165427,
        "recall": 0.6013305422307883,
        "f1_score": 0.6255333318806017
    }
}