{
    "round": 2,
    "train": {
        "loss": 0.8716692425669196,
        "accuracy": 0.5929741214667685,
        "precision": 0.3863057138488042,
        "recall": 0.3868430482289254,
        "f1_score": 0.38657419431656104
    }
}