{
    "round": 1,
    "train": {
        "loss": 0.9363390095731153,
        "accuracy": 0.563813025210084,
        "precision": 0.19033025600269435,
        "recall": 0.33437561893444256,
        "f1_score": 0.24258084459403667
    }
}