{
    "round": 4,
    "train": {
        "loss": 0.7436214519694527,
        "accuracy": 0.6869509167303286,
        "precision": 0.6369054712157477,
        "recall": 0.5760040281037168,
        "f1_score": 0.6049257873689723
    }
}