{
    "round": 4,
    "train": {
        "loss": 0.7576404744609792,
        "accuracy": 0.6791921313980137,
        "precision": 0.6383522367733818,
        "recall": 0.5838227619515298,
        "f1_score": 0.609871035424211
    }
}