{
    "round": 0,
    "train": {
        "loss": 0.961005668589138,
        "accuracy": 0.5673343200916731,
        "precision": 0.20317257767849659,
        "recall": 0.33347929749075844,
        "f1_score": 0.25250577370010174
    }
}